insert into top_revenue_genre (id, name,movies_number,market_share) values (1, 'Adventure',1102,27.14);
insert into top_revenue_genre (id, name,movies_number,market_share) values (2, 'Action',1098,20.75);
insert into top_revenue_genre (id, name,movies_number,market_share) values (3, 'Drama',5479,14.97);
insert into top_revenue_genre (id, name,movies_number,market_share) values (4, 'Comedy',2418,14.17);
insert into top_revenue_genre (id, name,movies_number,market_share) values (5, 'Thriller/Suspense',1186,8.33);
insert into top_revenue_genre (id, name,movies_number,market_share) values (6, 'Horror',716,5.65);
insert into top_revenue_genre (id, name,movies_number,market_share) values (7, 'Romantic Comedy',630,4.41);
insert into top_revenue_genre (id, name,movies_number,market_share) values (8, 'Musical',201,1.81);
insert into top_revenue_genre (id, name,movies_number,market_share) values (9, 'Documentary',2415,1.06);
insert into top_revenue_genre (id, name,movies_number,market_share) values (10, 'Black Comedy',213,0.92);
insert into top_revenue_distributor (id, name,movies_number,market_share) values (1, 'Walt Disney',588,17.02);
insert into top_revenue_distributor (id, name,movies_number,market_share) values (2, 'Warner Bros.',824,15.25);
insert into top_revenue_distributor (id, name,movies_number,market_share) values (3, 'Sony Pictures',747,12.24);
insert into top_revenue_distributor (id, name,movies_number,market_share) values (4, 'Universal',535,11.81);
insert into top_revenue_distributor (id, name,movies_number,market_share) values (5, '20th Century Fox',525,10.88);
insert into top_revenue_distributor (id, name,movies_number,market_share) values (6, 'Paramount Pictures',493,10.25);
insert into top_revenue_distributor (id, name,movies_number,market_share) values (7, 'Lionsgate',426,4.05);
insert into top_revenue_distributor (id, name,movies_number,market_share) values (8, 'New Line',209,2.61);
insert into top_revenue_distributor (id, name,movies_number,market_share) values (9, 'Dreamworks SKG',77,1.8);
insert into top_revenue_distributor (id, name,movies_number,market_share) values (10, 'Miramax',385,1.61);
insert into top_revenue_movie (name,rating,total_revenue,year,distributor_id,genre_id) values ('Batman Forever','PG-13',387522978,1995,1,1);
insert into top_revenue_movie (name,rating,total_revenue,year,distributor_id,genre_id) values ('Batman Forever','PG-13',387522978,1995,2,10);
insert into top_revenue_movie (name,rating,total_revenue,year,distributor_id,genre_id) values ('Independence Day','PG-13',634504608,1996,10,7);
insert into top_revenue_movie (name,rating,total_revenue,year,distributor_id,genre_id) values ('Men in Black','PG-13',500207943,1997,3,8);
insert into top_revenue_movie (name,rating,total_revenue,year,distributor_id,genre_id) values ('Titanic','PG-13',865842808,1998,6,2);
insert into top_revenue_movie (name,rating,total_revenue,year,distributor_id,genre_id) values ('Star Wars Ep. I: The Phantom Menace','PG',776153749,1999,5,4);
insert into top_revenue_movie (name,rating,total_revenue,year,distributor_id,genre_id) values ('How the Grinch Stole Christmas','PG',430583644,2000,4,8);
insert into top_revenue_movie (name,rating,total_revenue,year,distributor_id,genre_id) values ('Harry Potter and the Sorcerer’s Stone','PG',486166890,2001,2,10);
insert into top_revenue_movie (name,rating,total_revenue,year,distributor_id,genre_id) values ('Spider-Man','PG-13',636480273,2002,10,6);
insert into top_revenue_movie (name,rating,total_revenue,year,distributor_id,genre_id) values ('Finding Nemo','G',516050346,2003,1,8);
insert into top_revenue_movie (name,rating,total_revenue,year,distributor_id,genre_id) values ('Shrek 2','PG',650826473,2004,10,10);
insert into top_revenue_movie (name,rating,total_revenue,year,distributor_id,genre_id) values ('Star Wars Ep. III: Revenge of the Sith','PG-13',543413171,2005,5,4);
insert into top_revenue_movie (name,rating,total_revenue,year,distributor_id,genre_id) values ('Pirates of the Caribbean: Dead Man’s Chest','PG-13',591995851,2006,1,7);
insert into top_revenue_movie (name,rating,total_revenue,year,distributor_id,genre_id) values ('Spider-Man 3','PG-13',448054878,2007,3,2);
insert into top_revenue_movie (name,rating,total_revenue,year,distributor_id,genre_id) values ('The Dark Knight','PG-13',677433772,2008,2,8);
insert into top_revenue_movie (name,rating,total_revenue,year,distributor_id,genre_id) values ('Transformers: Revenge of the Fallen','PG-13',491112631,2009,6,4);
insert into top_revenue_movie (name,rating,total_revenue,year,distributor_id,genre_id) values ('Toy Story 3','G',481805411,2010,1,4);
insert into top_revenue_movie (name,rating,total_revenue,year,distributor_id,genre_id) values ('Harry Potter and the Deathly Hallows: Part II','PG-13',440108798,2011,2,5);
insert into top_revenue_movie (name,rating,total_revenue,year,distributor_id,genre_id) values ('The Avengers','PG-13',717331462,2012,1,6);
insert into top_revenue_movie (name,rating,total_revenue,year,distributor_id,genre_id) values ('Iron Man 3','PG-13',460808016,2013,1,4);
insert into top_revenue_movie (name,rating,total_revenue,year,distributor_id,genre_id) values ('Guardians of the Galaxy','PG-13',373413235,2014,1,8);
insert into top_revenue_movie (name,rating,total_revenue,year,distributor_id,genre_id) values ('Star Wars Ep. VII: The Force Awakens','PG-13',806480887,2015,1,9);
insert into top_revenue_movie (name,rating,total_revenue,year,distributor_id,genre_id) values ('Finding Dory','PG',514967322,2016,1,6);
insert into top_revenue_movie (name,rating,total_revenue,year,distributor_id,genre_id) values ('Star Wars Ep. VIII: The Last Jedi','PG-13',528173936,2017,1,4);
insert into top_revenue_movie (name,rating,total_revenue,year,distributor_id,genre_id) values ('Black Panther','PG-13',703901821,2018,10,7);